<root BTCPP_format="4">

    <BehaviorTree ID="RMUC2025Tree">
        <KeepRunningUntilFailure>
            <ForceSuccess>
                <ReactiveSequence>
                    <GameStart rmuc_common_msg="{@rmuc_common_msg}" />
                    <SubTree ID="Heal" _autoremap="1" />
                    <GOTO goal_2d="5.28;-1.13;0.0" />
                </ReactiveSequence>
            </ForceSuccess>
        </KeepRunningUntilFailure>
    </BehaviorTree>

    <BehaviorTree ID="Heal">
        <Fallback>
            <JudgeHPandAmmo rmuc_common_msg="{@rmuc_common_msg}"
                rmuc_robot_status_msg="{@rmuc_robot_status_msg}"
                hp_threshold="180"
                time_threshold="180" />
            <Sequence>
                <GOTO goal_2d="-1.14;-5.92;0.0" />
                <Delay delay_msec="6000">
                    <GOTO goal_2d="-1.14;-5.92;0.0" />
                </Delay>
            </Sequence>
        </Fallback>
    </BehaviorTree>

    <TreeNodesModel>
        <Action ID="GOTO">
            <input_port name="goal_2d" type="Position2D" default="{=}">2d goal point of this send
                goal action</input_port>
        </Action>
        <Condition ID="GameStart">
            <input_port name="rmuc_common_msg"
                type="bt_interfaces::msg::Common_&lt;std::allocator&lt;void&gt; &gt;"
                default="{@rmuc_common_msg}">rmuc_common message type port</input_port>
        </Condition>
        <Condition ID="JudgeHPandAmmo">
            <input_port name="time_threshold" type="int" default="{=}">time threshold</input_port>
            <input_port name="hp_threshold" type="int" default="{=}">hp threshold</input_port>
            <input_port name="rmuc_robot_status_msg"
                type="bt_interfaces::msg::RobotStatus_&lt;std::allocator&lt;void&gt; &gt;"
                default="{@rmuc_robot_status_msg}">rmuc_robot_status message type port</input_port>
            <input_port name="rmuc_common_msg"
                type="bt_interfaces::msg::Common_&lt;std::allocator&lt;void&gt; &gt;"
                default="{@rmuc_common_msg}">rmuc_common message type port</input_port>
        </Condition>
        <Condition ID="JudgeStatus">
            <input_port name="threshold_mode" type="std::string" default="{=}">threshold mode
                include MIN and MAX</input_port>
            <input_port name="threshold" type="int" default="{=}">threshold value</input_port>
            <input_port name="rmuc_robot_status_msg"
                type="bt_interfaces::msg::RobotStatus_&lt;std::allocator&lt;void&gt; &gt;"
                default="{@rmuc_robot_status_msg}">rmuc_robot_status message type port</input_port>
            <input_port name="judge_type" type="std::string" default="{=}">judge type, include HP,
                OUTPOST_HP, BASE_HP, AMMO and TIME</input_port>
            <input_port name="rmuc_common_msg"
                type="bt_interfaces::msg::Common_&lt;std::allocator&lt;void&gt; &gt;"
                default="{@rmuc_common_msg}">rmuc_common message type port</input_port>
        </Condition>
        <Action ID="Patrol">
            <input_port name="halt_time" type="double" default="{=}">halt time to scan enemies</input_port>
            <input_port name="path_point_num" type="int" default="{=}">the number of patrol path
                points</input_port>
            <input_port name="min_point" type="Position2D" default="{=}">minimum constraint point</input_port>
            <input_port name="max_point" type="Position2D" default="{=}">maximum constraint point</input_port>
            <input_port name="end_point" type="Position2D" default="{=}">patrol end point</input_port>
            <input_port name="patrol_mode" type="std::string" default="{=}">patrol mode include
                CUBIC_BEZIER, CIRCLE and SQUARE</input_port>
            <input_port name="start_point" type="Position2D" default="{=}">patrol start point</input_port>
        </Action>
    </TreeNodesModel>
</root>